Date,Comp,Round,Venue,Result,Squad,Opponent,Start,Pos,Min,Gls,Ast,PK,PKatt,Sh,SoT,CrdY,CrdR,Fls,Fld,Off,Crs,TklW,Int,OG,PKwon,PKcon,SonTeamResult,SonTeamScore,OpponentTeamScore,Home_1_Away_0,Points_Won,Day,Touches,Press,Tkl,Blocks,xG,npxG,xA,SCA,GCA,Cmp,Att,Cmp%,PrgDist,Carries,PrgDist.1,Succ,Att.1
2010-10-30,Bundesliga,10,Away,L 2–3,Hamburger SV,Köln,1,,90,1,,0,,,,0,0,,,,,,,0,,,L,2,3,0,0,,,,,,,,,,,,,,,,,,
2010-11-06,Bundesliga,11,Home,W 2–1,Hamburger SV,Hoffenheim,0,,16,0,,0,,,,0,0,,,,,,,0,,,W,2,1,1,3,,,,,,,,,,,,,,,,,,
2010-11-12,Bundesliga,12,Away,L 0–2,Hamburger SV,Dortmund,0,,25,0,,0,,,,0,0,,,,,,,0,,,L,0,2,0,0,,,,,,,,,,,,,,,,,,
2010-11-20,Bundesliga,13,Away,L 2–3,Hamburger SV,Hannover 96,1,,90,2,,0,,,,0,0,,,,,,,0,,,L,2,3,0,0,,,,,,,,,,,,,,,,,,
2010-11-27,Bundesliga,14,Home,W 4–2,Hamburger SV,Stuttgart,1,,58,0,,0,,,,0,0,,,,,,,0,,,W,4,2,1,3,,,,,,,,,,,,,,,,,,
2010-12-04,Bundesliga,15,Away,L 0–1,Hamburger SV,Freiburg,1,,90,0,,0,,,,0,0,,,,,,,0,,,L,0,1,0,0,,,,,,,,,,,,,,,,,,
2010-12-11,Bundesliga,16,Home,L 2–4,Hamburger SV,Leverkusen,0,,14,0,,0,,,,0,0,,,,,,,0,,,L,2,4,1,0,,,,,,,,,,,,,,,,,,
2011-02-19,Bundesliga,23,Home,W 4–0,Hamburger SV,Werder Bremen,1,,83,0,,0,,,,1,0,,,,,,,0,,,W,4,0,1,3,,,,,,,,,,,,,,,,,,
2011-03-19,Bundesliga,27,Home,W 6–2,Hamburger SV,Köln,0,,30,0,,0,,,,0,0,,,,,,,0,,,W,6,2,1,3,,,,,,,,,,,,,,,,,,
2011-04-02,Bundesliga,28,Away,D 0–0,Hamburger SV,Hoffenheim,1,,63,0,,0,,,,0,0,,,,,,,0,,,D,0,0,0,1,,,,,,,,,,,,,,,,,,
2011-04-23,Bundesliga,31,Away,L 0–3,Hamburger SV,Stuttgart,0,,10,0,,0,,,,0,0,,,,,,,0,,,L,0,3,0,0,,,,,,,,,,,,,,,,,,
2011-04-30,Bundesliga,32,Home,L 0–2,Hamburger SV,Freiburg,1,,90,0,,0,,,,0,0,,,,,,,0,,,L,0,2,1,0,,,,,,,,,,,,,,,,,,
2011-05-07,Bundesliga,33,Away,D 1–1,Hamburger SV,Leverkusen,1,,60,0,,0,,,,0,0,,,,,,,0,,,D,1,1,0,1,,,,,,,,,,,,,,,,,,
2011-08-13,Bundesliga,2,Home,D 2â€“2,Hamburger SV,Hertha BSC,1,,90,1,,0,,,,0,0,,,,,,,0,,,D,2,2,1,1,,,,,,,,,,,,,,,,,,
2011-08-20,Bundesliga,3,Away,L 0â€“5,Hamburger SV,Bayern Munich,1,,87,0,,0,,,,0,0,,,,,,,0,,,L,0,5,0,0,,,,,,,,,,,,,,,,,,
2011-08-27,Bundesliga,4,Home,L 3â€“4,Hamburger SV,KÃ¶ln,1,,75,1,,0,,,,0,0,,,,,,,0,,,L,3,4,1,0,,,,,,,,,,,,,,,,,,
2011-09-17,Bundesliga,6,Home,L 0â€“1,Hamburger SV,M'Gladbach,0,,34,0,,0,,,,0,0,,,,,,,0,,,L,0,1,1,0,,,,,,,,,,,,,,,,,,
2011-09-23,Bundesliga,7,Away,W 2â€“1,Hamburger SV,Stuttgart,1,,81,0,,0,,,,0,0,,,,,,,0,,,W,2,1,0,3,,,,,,,,,,,,,,,,,,
2011-10-02,Bundesliga,8,Home,L 1â€“2,Hamburger SV,Schalke 04,0,,25,0,,0,,,,0,0,,,,,,,0,,,L,1,2,1,0,,,,,,,,,,,,,,,,,,
2011-10-16,Bundesliga,9,Away,W 2â€“1,Hamburger SV,Freiburg,1,,87,1,,0,,,,0,0,,,,,,,0,,,W,2,1,0,3,,,,,,,,,,,,,,,,,,
2011-11-05,Bundesliga,12,Away,D 2â€“2,Hamburger SV,Leverkusen,1,,89,0,,0,,,,0,0,,,,,,,0,,,D,2,2,0,1,,,,,,,,,,,,,,,,,,
2011-11-20,Bundesliga,13,Home,W 2â€“0,Hamburger SV,Hoffenheim,0,,3,0,,0,,,,0,0,,,,,,,0,,,W,2,0,1,3,,,,,,,,,,,,,,,,,,
2011-11-26,Bundesliga,14,Away,D 1â€“1,Hamburger SV,Hannover 96,1,,90,0,,0,,,,0,0,,,,,,,0,,,D,1,1,0,1,,,,,,,,,,,,,,,,,,
2011-12-04,Bundesliga,15,Home,W 2â€“0,Hamburger SV,NÃ¼rnberg,1,,61,0,,0,,,,0,0,,,,,,,0,,,W,2,0,1,3,,,,,,,,,,,,,,,,,,
2011-12-17,Bundesliga,17,Home,D 1â€“1,Hamburger SV,Augsburg,0,,15,0,,0,,,,0,0,,,,,,,0,,,D,1,1,1,1,,,,,,,,,,,,,,,,,,
2012-01-28,Bundesliga,19,Away,W 2â€“1,Hamburger SV,Hertha BSC,0,,1,0,,0,,,,0,0,,,,,,,0,,,W,2,1,0,3,,,,,,,,,,,,,,,,,,
2012-02-04,Bundesliga,20,Home,D 1â€“1,Hamburger SV,Bayern Munich,0,,19,0,,0,,,,0,0,,,,,,,0,,,D,1,1,1,1,,,,,,,,,,,,,,,,,,
2012-02-12,Bundesliga,21,Away,W 1â€“0,Hamburger SV,KÃ¶ln,0,,1,0,,0,,,,0,0,,,,,,,0,,,W,1,0,0,3,,,,,,,,,,,,,,,,,,
2012-02-18,Bundesliga,22,Home,L 1â€“3,Hamburger SV,Werder Bremen,0,,19,0,,0,,,,0,0,,,,,,,0,,,L,1,3,1,0,,,,,,,,,,,,,,,,,,
2012-02-24,Bundesliga,23,Away,D 1â€“1,Hamburger SV,M'Gladbach,0,,7,0,,0,,,,0,0,,,,,,,0,,,D,1,1,0,1,,,,,,,,,,,,,,,,,,
2012-03-03,Bundesliga,24,Home,L 0â€“4,Hamburger SV,Stuttgart,0,,44,0,,0,,,,0,0,,,,,,,0,,,L,0,4,1,0,,,,,,,,,,,,,,,,,,
2012-03-11,Bundesliga,25,Away,L 1â€“3,Hamburger SV,Schalke 04,0,,31,0,,0,,,,0,0,,,,,,,0,,,L,1,3,0,0,,,,,,,,,,,,,,,,,,
2012-03-17,Bundesliga,26,Home,L 1â€“3,Hamburger SV,Freiburg,0,,44,0,,0,,,,0,0,,,,,,,0,,,L,1,3,1,0,,,,,,,,,,,,,,,,,,
2012-03-23,Bundesliga,27,Away,L 1â€“2,Hamburger SV,Wolfsburg,0,,14,0,,0,,,,0,0,,,,,,,0,,,L,1,2,0,0,,,,,,,,,,,,,,,,,,
2012-03-31,Bundesliga,28,Away,W 1â€“0,Hamburger SV,Kaiserslautern,0,,10,0,,0,,,,0,0,,,,,,,0,,,W,1,0,0,3,,,,,,,,,,,,,,,,,,
2012-04-08,Bundesliga,29,Home,D 1â€“1,Hamburger SV,Leverkusen,0,,2,0,,0,,,,0,0,,,,,,,0,,,D,1,1,1,1,,,,,,,,,,,,,,,,,,
2012-04-14,Bundesliga,31,Home,W 1â€“0,Hamburger SV,Hannover 96,1,,90,1,,0,,,,0,0,,,,,,,0,,,W,1,0,1,3,,,,,,,,,,,,,,,,,,
2012-04-21,Bundesliga,32,Away,D 1â€“1,Hamburger SV,NÃ¼rnberg,1,,84,1,,0,,,,0,0,,,,,,,0,,,D,1,1,0,1,,,,,,,,,,,,,,,,,,
2012-04-28,Bundesliga,33,Home,D 0â€“0,Hamburger SV,Mainz 05,1,,90,0,,0,,,,0,0,,,,,,,0,,,D,0,0,1,1,,,,,,,,,,,,,,,,,,
2012-05-05,Bundesliga,34,Away,L 0â€“1,Hamburger SV,Augsburg,0,,24,0,,0,,,,0,0,,,,,,,0,,,L,0,1,0,0,,,,,,,,,,,,,,,,,,
2012-08-25,Bundesliga,1,Home,L 0–1,Hamburger SV,Nürnberg,1,,70,0,,0,,,,0,0,,,,,,,0,,,L,0,1,1,0,,,,,,,,,,,,,,,,,,
2012-09-01,Bundesliga,2,Away,L 0–2,Hamburger SV,Werder Bremen,1,,70,0,,0,,,,0,0,,,,,,,0,,,L,0,2,0,0,,,,,,,,,,,,,,,,,,
2012-09-16,Bundesliga,3,Away,L 2–3,Hamburger SV,Eint Frankfurt,1,,90,1,,0,,,,0,0,,,,,,,0,,,L,2,3,0,0,,,,,,,,,,,,,,,,,,
2012-09-22,Bundesliga,4,Home,W 3–2,Hamburger SV,Dortmund,1,,90,2,,0,,,,0,0,,,,,,,0,,,W,3,2,1,3,,,,,,,,,,,,,,,,,,
2012-09-26,Bundesliga,5,Away,D 2–2,Hamburger SV,M'Gladbach,1,,90,0,,0,,,,0,0,,,,,,,0,,,D,2,2,0,1,,,,,,,,,,,,,,,,,,
2012-09-29,Bundesliga,6,Home,W 1–0,Hamburger SV,Hannover 96,1,,88,0,,0,,,,0,0,,,,,,,0,,,W,1,0,1,3,,,,,,,,,,,,,,,,,,
2012-10-06,Bundesliga,7,Away,W 1–0,Hamburger SV,Greuther Fürth,1,,90,1,,0,,,,0,0,,,,,,,0,,,W,1,0,0,3,,,,,,,,,,,,,,,,,,
2012-10-21,Bundesliga,8,Home,L 0–1,Hamburger SV,Stuttgart,1,,85,0,,0,,,,0,0,,,,,,,0,,,L,0,1,1,0,,,,,,,,,,,,,,,,,,
2012-10-26,Bundesliga,9,Away,W 2–0,Hamburger SV,Augsburg,1,,90,1,,0,,,,1,0,,,,,,,0,,,W,2,0,0,3,,,,,,,,,,,,,,,,,,
2012-11-03,Bundesliga,10,Home,L 0–3,Hamburger SV,Bayern Munich,1,,90,0,,0,,,,0,0,,,,,,,0,,,L,0,3,1,0,,,,,,,,,,,,,,,,,,
2012-11-10,Bundesliga,11,Away,D 0–0,Hamburger SV,Freiburg,1,,90,0,,0,,,,0,0,,,,,,,0,,,D,0,0,0,1,,,,,,,,,,,,,,,,,,
2012-11-17,Bundesliga,12,Home,W 1–0,Hamburger SV,Mainz 05,1,,90,1,,0,,,,1,0,,,,,,,0,,,W,1,0,1,3,,,,,,,,,,,,,,,,,,
2012-11-23,Bundesliga,13,Away,L 0–2,Hamburger SV,Düsseldorf,1,,90,0,,0,,,,0,0,,,,,,,0,,,L,0,2,0,0,,,,,,,,,,,,,,,,,,
2012-12-02,Bundesliga,15,Away,D 1–1,Hamburger SV,Wolfsburg,0,,37,0,,0,,,,0,0,,,,,,,0,,,D,0,0,0,1,,,,,,,,,,,,,,,,,,
2012-12-07,Bundesliga,16,Home,W 2–0,Hamburger SV,Hoffenheim,1,,90,0,,0,,,,0,0,,,,,,,0,,,W,0,0,1,3,,,,,,,,,,,,,,,,,,
2012-12-15,Bundesliga,17,Away,L 0–3,Hamburger SV,Leverkusen,1,,65,0,,0,,,,0,0,,,,,,,0,,,L,0,0,0,0,,,,,,,,,,,,,,,,,,
2013-01-20,Bundesliga,18,Away,D 1–1,Hamburger SV,Nürnberg,1,,90,0,,0,,,,0,0,,,,,,,0,,,D,0,0,0,1,,,,,,,,,,,,,,,,,,
2013-01-27,Bundesliga,19,Home,W 3–2,Hamburger SV,Werder Bremen,1,,90,1,,0,,,,0,0,,,,,,,0,,,W,0,0,1,3,,,,,,,,,,,,,,,,,,
2013-02-02,Bundesliga,20,Home,L 0–2,Hamburger SV,Eint Frankfurt,1,,90,0,,0,,,,0,0,,,,,,,0,,,L,0,0,1,0,,,,,,,,,,,,,,,,,,
2013-02-09,Bundesliga,21,Away,W 4–1,Hamburger SV,Dortmund,1,,90,2,,0,,,,0,0,,,,,,,0,,,W,0,0,0,3,,,,,,,,,,,,,,,,,,
2013-02-16,Bundesliga,22,Home,W 1–0,Hamburger SV,M'Gladbach,1,,75,0,,0,,,,0,0,,,,,,,0,,,W,0,0,1,3,,,,,,,,,,,,,,,,,,
2013-02-23,Bundesliga,23,Away,L 1–5,Hamburger SV,Hannover 96,1,,90,0,,0,,,,0,0,,,,,,,0,,,L,0,0,0,0,,,,,,,,,,,,,,,,,,
2013-03-02,Bundesliga,24,Home,D 1–1,Hamburger SV,Greuther Fürth,1,,87,0,,0,,,,0,0,,,,,,,0,,,D,0,0,1,1,,,,,,,,,,,,,,,,,,
2013-03-10,Bundesliga,25,Away,W 1–0,Hamburger SV,Stuttgart,0,,19,0,,0,,,,0,0,,,,,,,0,,,W,0,0,0,3,,,,,,,,,,,,,,,,,,
2013-03-16,Bundesliga,26,Home,L 0–1,Hamburger SV,Augsburg,1,,90,0,,0,,,,0,0,,,,,,,0,,,L,0,0,1,0,,,,,,,,,,,,,,,,,,
2013-03-30,Bundesliga,27,Away,L 2–9,Hamburger SV,Bayern Munich,1,,57,0,,0,,,,0,0,,,,,,,0,,,L,0,0,0,0,,,,,,,,,,,,,,,,,,
2013-04-06,Bundesliga,28,Home,L 0–1,Hamburger SV,Freiburg,1,,90,0,,0,,,,1,0,,,,,,,0,,,L,0,0,1,0,,,,,,,,,,,,,,,,,,
2013-04-13,Bundesliga,29,Away,W 2–1,Hamburger SV,Mainz 05,1,,90,2,,0,,,,0,0,,,,,,,0,,,W,0,0,0,3,,,,,,,,,,,,,,,,,,
2013-04-20,Bundesliga,30,Home,W 2–1,Hamburger SV,Düsseldorf,1,,80,0,,0,,,,0,0,,,,,,,0,,,W,0,0,1,3,,,,,,,,,,,,,,,,,,
2013-04-28,Bundesliga,31,Away,L 1–4,Hamburger SV,Schalke 04,1,,90,0,,0,,,,0,0,,,,,,,0,,,L,0,0,0,0,,,,,,,,,,,,,,,,,,
2013-05-05,Bundesliga,32,Home,D 1–1,Hamburger SV,Wolfsburg,1,,90,0,,0,,,,1,0,,,,,,,0,,,D,0,0,1,1,,,,,,,,,,,,,,,,,,
2013-05-11,Bundesliga,33,Away,W 4–1,Hamburger SV,Hoffenheim,1,,78,1,,0,,,,0,0,,,,,,,0,,,W,0,0,0,3,,,,,,,,,,,,,,,,,,
2013-05-18,Bundesliga,34,Home,L 0–1,Hamburger SV,Leverkusen,1,,90,0,,0,,,,0,0,,,,,,,0,,,L,0,0,1,0,,,,,,,,,,,,,,,,,,
2013-08-10,Bundesliga,1,Home,W 3–1,Leverkusen,Freiburg,1,,70,1,,0,,,,0,0,,,,,,,0,,,W,3,1,1,3,,,,,,,,,,,,,,,,,,
2013-08-17,Bundesliga,2,Away,W 1–0,Leverkusen,Stuttgart,1,,71,0,,0,,,,0,0,,,,,,,0,,,W,1,0,0,3,,,,,,,,,,,,,,,,,,
2013-08-24,Bundesliga,3,Home,W 4–2,Leverkusen,M'Gladbach,1,,88,0,,0,,,,0,0,,,,,,,0,,,W,4,2,1,3,,,,,,,,,,,,,,,,,,
2013-08-31,Bundesliga,4,Away,L 0–2,Leverkusen,Schalke 04,1,,90,0,,0,,,,0,0,,,,,,,0,,,L,0,2,0,0,,,,,,,,,,,,,,,,,,
2013-09-14,Bundesliga,5,Home,W 3–1,Leverkusen,Wolfsburg,1,,81,0,,0,,,,0,0,,,,,,,0,,,W,3,1,1,3,,,,,,,,,,,,,,,,,,
2013-09-28,Bundesliga,7,Home,W 2–0,Leverkusen,Hannover 96,1,,83,0,,0,,,,0,0,,,,,,,0,,,W,2,0,1,3,,,,,,,,,,,,,,,,,,
2013-10-05,Bundesliga,8,Home,D 1–1,Leverkusen,Bayern Munich,0,,22,0,,0,,,,0,0,,,,,,,0,,,D,1,1,1,1,,,,,,,,,,,,,,,,,,
2013-10-26,Bundesliga,10,Home,W 2–1,Leverkusen,Augsburg,1,,69,0,,0,,,,0,0,,,,,,,0,,,W,2,1,1,3,,,,,,,,,,,,,,,,,,
2013-11-09,Bundesliga,12,Home,W 5–3,Leverkusen,Hamburger SV,1,,90,3,,0,,,,0,0,,,,,,,0,,,W,5,3,1,3,,,,,,,,,,,,,,,,,,
2013-11-23,Bundesliga,13,Away,W 1–0,Leverkusen,Hertha BSC,1,,72,0,,0,,,,0,0,,,,,,,0,,,W,1,0,0,3,,,,,,,,,,,,,,,,,,
2013-11-30,Bundesliga,14,Home,W 3–0,Leverkusen,Nürnberg,1,,78,2,,0,,,,0,0,,,,,,,0,,,W,3,0,1,3,,,,,,,,,,,,,,,,,,
2013-12-07,Bundesliga,15,Away,W 1–0,Leverkusen,Dortmund,1,,82,1,,0,,,,0,0,,,,,,,0,,,W,1,0,0,3,,,,,,,,,,,,,,,,,,
2013-12-15,Bundesliga,16,Home,L 0–1,Leverkusen,Eint Frankfurt,1,,90,0,,0,,,,0,0,,,,,,,0,,,L,0,1,1,0,,,,,,,,,,,,,,,,,,
2013-12-21,Bundesliga,17,Away,L 0–1,Leverkusen,Werder Bremen,1,,66,0,,0,,,,0,0,,,,,,,0,,,L,0,1,0,0,,,,,,,,,,,,,,,,,,
2014-01-25,Bundesliga,18,Away,L 2–3,Leverkusen,Freiburg,1,,83,0,,0,,,,0,0,,,,,,,0,,,L,2,3,0,0,,,,,,,,,,,,,,,,,,
2014-02-01,Bundesliga,19,Home,W 2–1,Leverkusen,Stuttgart,1,,75,0,,0,,,,0,0,,,,,,,0,,,W,2,1,1,3,,,,,,,,,,,,,,,,,,
2014-02-07,Bundesliga,20,Away,W 1–0,Leverkusen,M'Gladbach,1,,81,1,,0,,,,0,0,,,,,,,0,,,W,1,0,0,3,,,,,,,,,,,,,,,,,,
2014-02-15,Bundesliga,21,Home,L 1–2,Leverkusen,Schalke 04,1,,82,0,,0,,,,0,0,,,,,,,0,,,L,1,2,1,0,,,,,,,,,,,,,,,,,,
2014-02-22,Bundesliga,22,Away,L 1–3,Leverkusen,Wolfsburg,0,,29,0,,0,,,,0,0,,,,,,,0,,,L,1,3,0,0,,,,,,,,,,,,,,,,,,
2014-03-01,Bundesliga,23,Home,L 0–1,Leverkusen,Mainz 05,1,,90,0,,0,,,,1,0,,,,,,,0,,,L,0,1,1,0,,,,,,,,,,,,,,,,,,
2014-03-08,Bundesliga,24,Away,D 1–1,Leverkusen,Hannover 96,1,,69,0,,0,,,,0,0,,,,,,,0,,,D,1,1,0,1,,,,,,,,,,,,,,,,,,
2014-03-15,Bundesliga,25,Away,L 1–2,Leverkusen,Bayern Munich,1,,66,0,,0,,,,0,0,,,,,,,0,,,L,1,2,0,0,,,,,,,,,,,,,,,,,,
2014-03-23,Bundesliga,26,Home,L 2–3,Leverkusen,Hoffenheim,1,,71,0,,0,,,,0,0,,,,,,,0,,,L,2,3,1,0,,,,,,,,,,,,,,,,,,
2014-03-26,Bundesliga,27,Away,W 3–1,Leverkusen,Augsburg,1,,85,1,,0,,,,0,0,,,,,,,0,,,W,3,1,0,3,,,,,,,,,,,,,,,,,,
2014-03-29,Bundesliga,28,Home,D 1–1,Leverkusen,Braunschweig,1,,75,0,,0,,,,0,0,,,,,,,0,,,D,1,1,1,1,,,,,,,,,,,,,,,,,,
2014-04-04,Bundesliga,29,Away,L 1–2,Leverkusen,Hamburger SV,1,,90,0,,0,,,,0,0,,,,,,,0,,,L,1,2,0,0,,,,,,,,,,,,,,,,,,
2014-04-13,Bundesliga,30,Home,W 2–1,Leverkusen,Hertha BSC,1,,90,0,,0,,,,0,0,,,,,,,0,,,W,2,1,1,3,,,,,,,,,,,,,,,,,,
2014-04-20,Bundesliga,31,Away,W 4–1,Leverkusen,Nürnberg,1,,90,0,,0,,,,0,0,,,,,,,0,,,W,4,1,0,3,,,,,,,,,,,,,,,,,,
2014-04-26,Bundesliga,32,Home,D 2–2,Leverkusen,Dortmund,1,,90,0,,0,,,,0,0,,,,,,,0,,,D,2,2,1,1,,,,,,,,,,,,,,,,,,
2014-05-03,Bundesliga,33,Away,W 2–0,Leverkusen,Eint Frankfurt,1,,78,0,,0,,,,0,0,,,,,,,0,,,W,2,0,0,3,,,,,,,,,,,,,,,,,,
2014-05-10,Bundesliga,34,Home,W 2–1,Leverkusen,Werder Bremen,1,,90,1,,0,,,,0,0,,,,,,,0,,,W,2,1,1,3,,,,,,,,,,,,,,,,,,
2014-08-23,Bundesliga,1,Away,W 2–0,Leverkusen,Dortmund,1,,76,0,0,0,0,1,0,0,0,3,0,0,0,0,0,0,,,W,2,0,0,3,Sat,,,,,,,,,,,,,,,,,
2014-08-30,Bundesliga,2,Home,W 4–2,Leverkusen,Hertha BSC,1,,45,0,0,0,0,0,0,0,0,0,2,0,0,1,0,0,,,W,4,2,1,3,Sat,,,,,,,,,,,,,,,,,
2014-09-12,Bundesliga,3,Home,D 3–3,Leverkusen,Werder Bremen,0,,29,1,0,0,0,2,1,0,0,0,1,0,1,0,0,0,,,D,3,3,1,1,Fri,,,,,,,,,,,,,,,,,
2014-09-21,Bundesliga,4,Away,L 1–4,Leverkusen,Wolfsburg,0,On m,On m,On m,On m,On m,On m,On m,On m,On m,On m,On m,On m,On m,On m,On m,On m,On m,On m,On m,L,1,4,0,0,Sun,,,,,,,,,,,,,,,,,
2014-09-24,Bundesliga,5,Home,W 1–0,Leverkusen,Augsburg,1,,90,1,0,0,0,4,1,0,0,0,0,0,0,1,0,0,,,W,1,0,1,3,Wed,,,,,,,,,,,,,,,,,
2014-09-27,Bundesliga,6,Away,D 0–0,Leverkusen,Freiburg,1,,90,0,0,0,0,3,1,1,0,1,4,0,0,2,1,0,,,D,0,0,0,1,Sat,,,,,,,,,,,,,,,,,
2014-10-04,Bundesliga,7,Home,D 2–2,Leverkusen,Paderborn 07,1,,90,0,0,0,0,2,0,1,0,3,4,0,4,0,1,0,,,D,2,2,1,1,Sat,,,,,,,,,,,,,,,,,
2014-10-18,Bundesliga,8,Away,D 3–3,Leverkusen,Stuttgart,1,,90,2,1,0,0,4,3,0,0,2,1,1,4,1,0,0,,,D,3,3,0,1,Sat,,,,,,,,,,,,,,,,,
2014-10-25,Bundesliga,9,Home,W 1–0,Leverkusen,Schalke 04,1,,90,0,0,0,0,3,0,0,0,0,1,0,2,1,1,0,,,W,1,0,1,3,Sat,,,,,,,,,,,,,,,,,
2014-11-01,Bundesliga,10,Away,L 0–1,Leverkusen,Hamburger SV,1,,70,0,0,0,0,2,0,0,0,2,1,0,0,1,1,0,,,L,0,1,0,0,Sat,,,,,,,,,,,,,,,,,
2014-11-08,Bundesliga,11,Home,D 0–0,Leverkusen,Mainz 05,1,,68,0,0,0,0,2,0,0,0,0,1,0,0,0,1,0,,,D,0,0,1,1,Sat,,,,,,,,,,,,,,,,,
2014-11-22,Bundesliga,12,Away,W 3–1,Leverkusen,Hannover 96,1,,90,1,0,0,0,2,1,0,0,1,1,2,0,3,2,0,,,W,3,1,0,3,Sat,,,,,,,,,,,,,,,,,
2014-11-29,Bundesliga,13,Home,W 5–1,Leverkusen,Köln,1,,90,0,1,0,0,4,1,0,0,2,2,0,0,1,1,0,,,W,5,1,1,3,Sat,,,,,,,,,,,,,,,,,
2014-12-06,Bundesliga,14,Away,L 0–1,Leverkusen,Bayern Munich,1,,62,0,0,0,0,0,0,1,0,3,0,1,0,2,0,0,,,L,0,1,0,0,Sat,,,,,,,,,,,,,,,,,
2014-12-14,Bundesliga,15,Home,D 1–1,Leverkusen,M'Gladbach,1,,57,0,0,0,0,1,0,0,0,0,0,0,0,0,0,0,,,D,1,1,1,1,Sun,,,,,,,,,,,,,,,,,
2014-12-17,Bundesliga,16,Away,W 1–0,Leverkusen,Hoffenheim,1,,90,0,0,0,0,4,2,0,0,1,0,0,2,2,2,0,,,W,1,0,0,3,Wed,,,,,,,,,,,,,,,,,
2014-12-20,Bundesliga,17,Home,D 1–1,Leverkusen,Eint Frankfurt,1,,75,0,0,0,0,1,0,0,0,1,1,0,0,0,0,0,,,D,1,1,1,1,Sat,,,,,,,,,,,,,,,,,
2015-02-08,Bundesliga,20,Away,L 1–2,Leverkusen,Werder Bremen,0,,45,0,0,0,0,0,0,0,0,1,0,1,3,0,0,0,,,L,1,2,0,0,Sun,,,,,,,,,,,,,,,,,
2015-02-14,Bundesliga,21,Home,L 4–5,Leverkusen,Wolfsburg,1,,90,3,0,0,0,5,3,0,0,1,0,0,4,1,0,0,,,L,4,5,1,0,Sat,,,,,,,,,,,,,,,,,
2015-02-21,Bundesliga,22,Away,D 2–2,Leverkusen,Augsburg,1,,74,0,0,0,0,3,1,0,0,1,1,0,0,2,1,0,,,D,2,2,0,1,Sat,,,,,,,,,,,,,,,,,
2015-02-28,Bundesliga,23,Home,W 1–0,Leverkusen,Freiburg,1,,90,0,0,0,0,3,2,0,0,1,2,0,1,3,0,0,,,W,1,0,1,3,Sat,,,,,,,,,,,,,,,,,
2015-03-08,Bundesliga,24,Away,W 3–0,Leverkusen,Paderborn 07,1,,90,2,0,0,0,3,2,0,0,0,1,1,6,0,2,0,,,W,3,0,0,3,Sun,,,,,,,,,,,,,,,,,
2015-03-13,Bundesliga,25,Home,W 4–0,Leverkusen,Stuttgart,1,,90,0,0,0,0,1,1,0,0,2,2,2,0,0,0,0,,,W,4,0,1,3,Fri,,,,,,,,,,,,,,,,,
2015-03-21,Bundesliga,26,Away,W 1–0,Leverkusen,Schalke 04,1,,45,0,0,0,0,0,0,0,0,0,0,1,0,1,1,0,,,W,1,0,0,3,Sat,,,,,,,,,,,,,,,,,
2015-04-04,Bundesliga,27,Home,W 4–0,Leverkusen,Hamburger SV,0,On m,On m,On m,On m,On m,On m,On m,On m,On m,On m,On m,On m,On m,On m,On m,On m,On m,On m,On m,W,4,0,1,3,Sat,,,,,,,,,,,,,,,,,
2015-04-11,Bundesliga,28,Away,W 3–2,Leverkusen,Mainz 05,1,,90,1,0,0,0,2,1,0,0,0,0,0,0,0,1,0,,,W,3,2,0,3,Sat,,,,,,,,,,,,,,,,,
2015-04-18,Bundesliga,29,Home,W 4–0,Leverkusen,Hannover 96,1,,90,0,0,0,0,1,1,0,0,2,3,0,0,1,2,0,,,W,4,0,1,3,Sat,,,,,,,,,,,,,,,,,
2015-04-25,Bundesliga,30,Away,D 1–1,Leverkusen,Köln,1,,54,0,0,0,0,0,0,1,0,1,0,1,1,0,0,0,,,D,1,1,0,1,Sat,,,,,,,,,,,,,,,,,
2015-05-02,Bundesliga,31,Home,W 2–0,Leverkusen,Bayern Munich,1,,90,0,0,0,0,4,1,0,0,3,3,0,0,3,1,0,,,W,2,0,1,3,Sat,,,,,,,,,,,,,,,,,
2015-05-09,Bundesliga,32,Away,L 0–3,Leverkusen,M'Gladbach,1,,90,0,0,0,0,3,1,0,0,0,1,0,0,2,1,0,,,L,0,3,0,0,Sat,,,,,,,,,,,,,,,,,
2015-05-16,Bundesliga,33,Home,W 2–0,Leverkusen,Hoffenheim,1,,60,0,0,0,0,1,1,0,0,1,0,0,0,0,1,0,,,W,2,0,1,3,Sat,,,,,,,,,,,,,,,,,
2015-05-23,Bundesliga,34,Away,L 1–2,Leverkusen,Eint Frankfurt,1,,90,0,0,0,0,2,1,0,0,1,2,1,0,2,1,0,,,L,1,2,0,0,Sat,,,,,,,,,,,,,,,,,
2015-09-13,,5,Away,W 1–0,Tottenham,Sunderland,1,AM,62,0,0,0,0,2,0,0,0,1,1,0,5,1,1,0,,,W,1,0,0,3,,,,,,,,,,,,,,,,,,
2015-09-20,,6,Home,W 1–0,Tottenham,Crystal Palace,1,AM,79,1,0,0,0,5,2,0,0,1,1,1,0,3,1,0,,,W,1,0,1,3,,,,,,,,,,,,,,,,,,
2015-09-26,,7,Home,W 4–1,Tottenham,Manchester City,1,AM,77,0,0,0,0,2,2,0,0,0,1,3,1,2,2,0,,,W,4,1,1,3,,,,,,,,,,,,,,,,,,
2015-11-08,,12,Away,D 1–1,Tottenham,Arsenal,0,,15,0,0,0,0,0,0,0,0,0,1,0,0,0,0,0,,,D,1,1,0,1,,,,,,,,,,,,,,,,,,
2015-11-22,,13,Home,W 4–1,Tottenham,West Ham,1,AM,85,0,1,0,0,3,2,0,0,0,0,1,0,4,1,0,,,W,4,1,1,3,,,,,,,,,,,,,,,,,,
2015-11-29,,14,Home,D 0–0,Tottenham,Chelsea,1,AM,75,0,0,0,0,4,2,0,0,1,2,1,1,0,1,0,,,D,0,0,1,1,,,,,,,,,,,,,,,,,,
2015-12-05,,15,Away,D 1–1,Tottenham,West Brom,0,,25,0,0,0,0,0,0,0,0,0,0,0,0,0,0,0,,,D,1,1,0,1,,,,,,,,,,,,,,,,,,
2015-12-13,,16,Home,L 1–2,Tottenham,Newcastle Utd,0,,21,0,0,0,0,2,0,0,0,0,0,0,0,2,0,0,,,L,1,2,1,0,,,,,,,,,,,,,,,,,,
2015-12-19,,17,Away,W 2–0,Tottenham,Southampton,0,,,0,0,0,0,0,0,0,0,0,0,0,0,0,0,0,,,W,2,0,0,3,,,,,,,,,,,,,,,,,,
2015-12-26,,18,Home,W 3–0,Tottenham,Norwich City,0,,11,0,0,0,0,0,0,0,0,0,0,1,0,0,0,0,,,W,3,0,1,3,,,,,,,,,,,,,,,,,,
2015-12-28,,19,Away,W 2–1,Tottenham,Watford,0,,22,1,0,0,0,1,1,0,0,0,0,0,0,0,0,0,,,W,2,1,0,3,,,,,,,,,,,,,,,,,,
2016-01-03,,20,Away,D 1–1,Tottenham,Everton,0,,21,0,0,0,0,1,0,0,0,1,0,0,0,1,0,0,,,D,1,1,0,1,,,,,,,,,,,,,,,,,,
2016-01-13,,21,Home,L 0–1,Tottenham,Leicester City,0,,8,0,0,0,0,0,0,0,0,0,0,0,0,0,0,0,,,L,0,1,1,0,,,,,,,,,,,,,,,,,,
2016-01-16,,22,Home,W 4–1,Tottenham,Sunderland,0,,2,0,0,0,0,0,0,0,0,0,0,0,0,0,0,0,,,W,4,1,1,3,,,,,,,,,,,,,,,,,,
2016-01-23,,23,Away,W 3–1,Tottenham,Crystal Palace,1,AM,90,0,0,0,0,2,0,0,0,2,2,0,0,1,1,0,,,W,3,1,0,3,,,,,,,,,,,,,,,,,,
2016-02-02,,24,Away,W 3–0,Tottenham,Norwich City,1,AM,70,0,0,0,0,2,0,0,0,1,0,0,0,3,0,0,,,W,3,0,0,3,,,,,,,,,,,,,,,,,,
2016-02-06,,25,Home,W 1–0,Tottenham,Watford,0,,18,0,0,0,0,1,1,0,0,0,1,0,0,0,1,0,,,W,1,0,1,3,,,,,,,,,,,,,,,,,,
2016-02-14,,26,Away,W 2–1,Tottenham,Manchester City,1,AM,72,0,0,0,0,0,0,0,0,1,0,1,0,5,0,0,,,W,2,1,0,3,,,,,,,,,,,,,,,,,,
2016-02-28,,27,Home,W 2–1,Tottenham,Swansea City,1,AM,75,0,0,0,0,1,1,0,0,0,1,0,2,0,0,0,,,W,2,1,1,3,,,,,,,,,,,,,,,,,,
2016-03-02,,28,Away,L 0–1,Tottenham,West Ham,0,,20,0,0,0,0,1,0,0,0,0,0,0,0,2,0,0,,,L,0,1,0,0,,,,,,,,,,,,,,,,,,
2016-03-05,,29,Home,D 2–2,Tottenham,Arsenal,0,,8,0,0,0,0,0,0,0,0,0,0,0,0,0,0,0,,,D,2,2,1,1,,,,,,,,,,,,,,,,,,
2016-03-13,,30,Away,W 2–0,Tottenham,Aston Villa,0,On m,On m,On m,On m,On m,On m,On m,On m,On m,On m,On m,On m,On m,On m,On m,On m,On m,On m,On m,W,2,0,0,3,,,,,,,,,,,,,,,,,,
2016-03-20,,31,Home,W 3–0,Tottenham,Bournemouth,0,On m,On m,On m,On m,On m,On m,On m,On m,On m,On m,On m,On m,On m,On m,On m,On m,On m,On m,On m,W,3,0,1,3,,,,,,,,,,,,,,,,,,
2016-04-02,,32,Away,D 1–1,Tottenham,Liverpool,1,CM,66,0,0,0,0,3,0,0,0,2,0,1,3,0,1,0,,,D,1,1,0,1,,,,,,,,,,,,,,,,,,
2016-04-10,,33,Home,W 3–0,Tottenham,Manchester Utd,0,,1,0,0,0,0,0,0,0,0,0,0,0,0,0,0,0,,,W,3,0,1,3,,,,,,,,,,,,,,,,,,
2016-04-18,,34,Away,W 4–0,Tottenham,Stoke City,0,,,0,0,0,0,2,0,0,0,0,0,0,0,0,0,0,,,W,4,0,0,3,,,,,,,,,,,,,,,,,,
2016-04-25,,35,Home,D 1–1,Tottenham,West Brom,0,,5,0,0,0,0,0,0,0,0,0,0,0,0,0,0,0,,,D,1,1,1,1,,,,,,,,,,,,,,,,,,
2016-05-02,,36,Away,D 2–2,Tottenham,Chelsea,1,AM,65,1,0,0,0,5,1,0,0,1,0,0,0,2,2,0,,,D,2,2,0,1,,,,,,,,,,,,,,,,,,
2016-05-08,,37,Home,L 1–2,Tottenham,Southampton,1,AM,65,1,0,0,0,1,1,0,0,0,1,0,2,0,1,0,,,L,1,2,1,0,,,,,,,,,,,,,,,,,,
2016-05-15,,38,Away,L 1–5,Tottenham,Newcastle Utd,1,FW,45,0,0,0,0,0,0,0,0,1,0,0,0,0,0,0,,,L,1,5,0,0,,,,,,,,,,,,,,,,,,
2016-09-10,,4,Away,W 4–0,Tottenham,Stoke City,1,AM,90.0,2,1,0,0,3,2,0,0,0,2,0,2,0,0,0,0,0,W,4,0,0,3,,,,,,,,,,,,,,,,,,
2016-09-18,,5,Home,W 1–0,Tottenham,Sunderland,1,AM,90.0,0,0,0,0,7,2,0,0,0,3,0,15,0,0,0,0,0,W,1,0,1,3,,,,,,,,,,,,,,,,,,
2016-09-24,,6,Away,W 2–1,Tottenham,Middlesbrough,1,FW,90.0,2,0,0,0,4,2,0,0,2,2,1,9,1,1,0,0,0,W,2,1,0,3,,,,,,,,,,,,,,,,,,
2016-10-02,,7,Home,W 2–0,Tottenham,Manchester City,1,FW,90.0,0,1,0,0,4,1,0,0,0,0,5,3,0,0,0,0,0,W,2,0,1,3,,,,,,,,,,,,,,,,,,
2016-10-15,,8,Away,D 1–1,Tottenham,West Brom,0,,18.0,0,0,0,0,1,0,0,0,0,2,0,3,0,0,0,0,0,D,1,1,0,1,,,,,,,,,,,,,,,,,,
2016-10-22,,9,Away,D 0–0,Tottenham,Bournemouth,1,FW,62.0,0,0,0,0,1,0,0,0,1,1,2,0,0,0,0,0,0,D,0,0,0,1,,,,,,,,,,,,,,,,,,
2016-10-29,,10,Home,D 1–1,Tottenham,Leicester City,1,AM,90.0,0,0,0,0,2,1,1,0,1,1,2,3,1,1,0,0,0,D,1,1,1,1,,,,,,,,,,,,,,,,,,
2016-11-06,,11,Away,D 1–1,Tottenham,Arsenal,1,AM,89.0,0,0,0,0,0,0,0,0,0,1,0,0,0,0,0,0,0,D,1,1,0,1,,,,,,,,,,,,,,,,,,
2016-11-19,,12,Home,W 3–2,Tottenham,West Ham,0,,18.0,0,0,0,0,0,0,0,0,0,2,0,2,0,0,0,1,0,W,3,2,1,3,,,,,,,,,,,,,,,,,,
2016-11-26,,13,Away,L 1–2,Tottenham,Chelsea,1,AM,65.0,0,0,0,0,1,0,0,0,2,2,1,0,0,0,0,0,0,L,1,2,0,0,,,,,,,,,,,,,,,,,,
2016-12-03,,14,Home,W 5–0,Tottenham,Swansea City,1,AM,72.0,1,1,0,0,3,1,0,0,1,1,1,2,0,0,0,0,0,W,5,0,1,3,,,,,,,,,,,,,,,,,,
2016-12-11,,15,Away,L 0–1,Tottenham,Manchester Utd,1,AM,57.0,0,0,0,0,3,1,0,0,0,0,0,0,0,0,0,0,0,L,0,1,0,0,,,,,,,,,,,,,,,,,,
2016-12-14,,16,Home,W 3–0,Tottenham,Hull City,0,,16.0,0,0,0,0,0,0,0,0,0,0,0,0,0,0,0,0,0,W,3,0,1,3,,,,,,,,,,,,,,,,,,
2016-12-18,,17,Home,W 2–1,Tottenham,Burnley,0,,17.0,0,0,0,0,2,1,0,0,0,0,0,0,0,0,0,0,0,W,2,1,1,3,,,,,,,,,,,,,,,,,,
2016-12-28,,18,Away,W 4–1,Tottenham,Southampton,0,,16.0,1,0,0,0,1,1,0,0,0,0,0,0,0,0,0,0,0,W,4,1,0,3,,,,,,,,,,,,,,,,,,
2017-01-01,,19,Away,W 4–1,Tottenham,Watford,1,FW,90.0,0,0,0,0,5,1,0,0,0,2,1,1,1,0,0,0,0,W,4,1,0,3,,,,,,,,,,,,,,,,,,
2017-01-04,,20,Home,W 2–0,Tottenham,Chelsea,0,,,0,0,0,0,0,0,0,0,0,0,0,0,0,0,0,0,0,W,2,0,1,3,,,,,,,,,,,,,,,,,,
2017-01-14,,21,Home,W 4–0,Tottenham,West Brom,0,,,0,0,0,0,0,0,0,0,0,0,0,0,0,0,0,0,0,W,4,0,1,3,,,,,,,,,,,,,,,,,,
2017-01-21,,22,Away,D 2–2,Tottenham,Manchester City,0,,45.0,1,0,0,0,1,1,0,0,0,0,1,0,0,0,0,0,0,D,2,2,0,1,,,,,,,,,,,,,,,,,,
2017-01-31,,23,Away,D 0–0,Tottenham,Sunderland,1,AM,73.0,0,0,0,0,1,0,0,0,1,1,2,4,0,0,0,0,0,D,0,0,0,1,,,,,,,,,,,,,,,,,,
2017-02-04,,24,Home,W 1–0,Tottenham,Middlesbrough,1,AM,81.0,0,0,0,0,3,1,0,0,0,3,1,6,1,0,0,1,0,W,1,0,1,3,,,,,,,,,,,,,,,,,,
2017-02-11,,25,Away,L 0–2,Tottenham,Liverpool,1,AM,82.0,0,0,0,0,2,2,1,0,0,1,0,1,1,1,0,0,0,L,0,2,0,0,,,,,,,,,,,,,,,,,,
2017-02-26,,26,Home,W 4–0,Tottenham,Stoke City,0,,4.0,0,0,0,0,0,0,0,0,0,0,0,0,0,0,0,0,0,W,4,0,1,3,,,,,,,,,,,,,,,,,,
2017-03-19,,29,Home,W 2–1,Tottenham,Southampton,1,FW,75.0,0,0,0,0,3,1,0,0,1,0,0,0,0,0,0,0,0,W,2,1,1,3,,,,,,,,,,,,,,,,,,
2017-04-01,,30,Away,W 2–0,Tottenham,Burnley,0,,17.0,1,0,0,0,2,1,0,0,0,0,0,0,0,0,0,0,0,W,2,0,0,3,,,,,,,,,,,,,,,,,,
2017-04-05,,31,Away,W 3–1,Tottenham,Swansea City,1,FW,90.0,1,0,0,0,5,2,0,0,0,0,2,1,0,0,0,0,0,W,3,1,0,3,,,,,,,,,,,,,,,,,,
2017-04-08,,32,Home,W 4–0,Tottenham,Watford,1,AM,88.0,2,1,0,0,6,2,0,0,1,2,0,2,1,0,0,0,0,W,4,0,1,3,,,,,,,,,,,,,,,,,,
2017-04-15,,33,Home,W 4–0,Tottenham,Bournemouth,1,AM,90.0,1,0,0,0,5,3,0,0,0,0,1,3,0,0,0,0,0,W,4,0,1,3,,,,,,,,,,,,,,,,,,
2017-04-26,,28,Away,W 1–0,Tottenham,Crystal Palace,0,,45.0,0,0,0,0,0,0,0,0,0,1,0,1,0,0,0,0,0,W,1,0,0,3,,,,,,,,,,,,,,,,,,
2017-04-30,,35,Home,W 2–0,Tottenham,Arsenal,1,AM,79.0,0,0,0,0,3,0,0,0,0,1,1,0,3,0,0,0,0,W,2,0,1,3,,,,,,,,,,,,,,,,,,
2017-05-05,,36,Away,L 0–1,Tottenham,West Ham,1,AM,90.0,0,0,0,0,1,1,0,0,0,1,0,1,3,1,0,0,0,L,0,1,0,0,,,,,,,,,,,,,,,,,,
2017-05-14,,37,Home,W 2–1,Tottenham,Manchester Utd,1,AM,72.0,0,0,0,0,4,2,0,0,0,2,0,0,0,1,0,0,0,W,2,1,1,3,,,,,,,,,,,,,,,,,,
2017-05-18,,34,Away,W 6–1,Tottenham,Leicester City,1,AM,78.0,2,1,0,0,5,2,0,0,0,1,1,1,0,1,0,0,0,W,6,1,0,3,,,,,,,,,,,,,,,,,,
2017-05-21,,38,Away,W 7–1,Tottenham,Hull City,1,AM,90.0,0,1,0,0,2,2,0,0,0,1,0,2,1,1,0,0,0,W,7,1,0,3,,,,,,,,,,,,,,,,,,
2017-08-13,,1,Away,W 2–0,Tottenham,Newcastle Utd,0,RW,32,0,0,0,0,0,0,0,0,,,,,,0,,,,W,2,0,0,3,,27,7,0,0,0.0,0.0,0.0,2,0,23,25,92.0,98,16,47,0,1
2017-08-20,,2,Home,L 1–2,Tottenham,Chelsea,0,AM,22,0,0,0,0,0,0,0,0,,,,,,0,,,,L,1,2,1,0,,16,5,2,0,0.0,0.0,0.0,0,0,10,13,76.9,6,9,2,0,1
2017-08-27,,3,Home,D 1–1,Tottenham,Burnley,1,RW,70,0,0,0,0,1,0,0,0,,,,,,0,,,,D,1,1,1,1,,44,11,0,1,0.0,0.0,0.2,3,0,30,36,83.3,93,32,94,0,2
2017-09-09,,4,Away,W 3–0,Tottenham,Everton,0,FW,5,0,0,0,0,0,0,0,0,,,,,,0,,,,W,3,0,0,3,,5,3,0,0,0.0,0.0,0.0,1,0,4,4,100.0,7,4,9,0,0
2017-09-16,,5,Home,D 0–0,Tottenham,Swansea City,1,WB,74,0,0,0,0,6,3,0,0,,,,,,0,,,,D,0,0,1,1,,58,5,2,1,0.5,0.5,0.2,8,0,38,42,90.5,93,42,83,0,3
2017-09-23,,6,Away,W 3–2,Tottenham,West Ham,0,On m,On m,On m,On m,On m,On m,On m,On m,On m,On m,,,,,,On m,,,,W,3,2,0,3,,On m,On m,On m,On m,On m,On m,On m,On m,On m,On m,On m,On m,On m,On m,On m,On m,On m
2017-09-30,,7,Away,W 4–0,Tottenham,Huddersfield,0,FW,3,0,0,0,0,0,0,0,0,,,,,,0,,,,W,4,0,0,3,,1,4,0,0,0.0,0.0,0.0,1,1,1,1,100.0,19,1,17,0,0
2017-10-14,,8,Home,W 1–0,Tottenham,Bournemouth,1,AM,75,0,0,0,0,1,0,0,0,,,,,,0,,,,W,1,0,1,3,,40,17,3,1,0.0,0.0,0.1,2,1,24,26,92.3,47,30,80,2,3
2017-10-22,,9,Home,W 4–1,Tottenham,Liverpool,1,FW,69,1,0,0,0,3,2,0,0,,,,,,0,,,,W,4,1,1,3,,21,23,0,2,0.7,0.7,0.0,0,0,11,15,73.3,45,13,118,0,1
2017-10-28,,10,Away,L 0–1,Tottenham,Manchester Utd,1,FW,62,0,0,0,0,1,0,0,0,,,,,,0,,,,L,0,1,0,0,,27,7,1,1,0.0,0.0,0.0,3,0,16,19,84.2,17,22,93,0,0
2017-11-05,,11,Home,W 1–0,Tottenham,Crystal Palace,1,FW,90,1,0,0,0,2,1,0,0,,,,,,0,,,,W,1,0,1,3,,42,18,2,1,0.3,0.3,0.0,1,0,20,27,74.1,55,32,169,2,3
2017-11-18,,12,Away,L 0–2,Tottenham,Arsenal,0,FW,15,0,0,0,0,2,0,0,0,,,,,,0,,,,L,0,2,0,0,,9,3,0,0,0.3,0.3,0.0,0,0,4,6,66.7,0,8,20,0,0
2017-11-25,,13,Home,D 1–1,Tottenham,West Brom,1,FW,90,0,0,0,0,4,1,0,0,,,,,,0,,,,D,1,1,1,1,,77,13,0,0,0.1,0.1,0.1,4,0,49,62,79.0,101,79,319,5,6
2017-11-28,,14,Away,L 1–2,Tottenham,Leicester City,0,AMDM,33,0,0,0,0,0,0,0,0,,,,,,0,,,,L,1,2,0,0,,23,7,0,0,0.0,0.0,0.1,2,1,18,22,81.8,85,26,66,3,4
2017-12-02,,15,Away,D 1–1,Tottenham,Watford,1,LW,77,1,0,0,0,1,1,0,0,,,,,,0,,,,D,1,1,0,1,,24,15,0,0,0.8,0.8,0.0,0,0,11,16,68.8,28,19,43,1,3
2017-12-09,,16,Home,W 5–1,Tottenham,Stoke City,1,LW,86,1,1,0,0,4,3,0,0,,,,,,1,,,,W,5,1,1,3,,51,14,0,0,0.3,0.3,1.4,8,1,29,38,76.3,131,47,450,2,2
2017-12-13,,17,Home,W 2–0,Tottenham,Brighton,1,LWRW,90,1,0,0,0,4,1,0,0,,,,,,1,,,,W,2,0,1,3,,53,22,0,1,0.7,0.7,0.1,2,0,36,41,87.8,127,46,106,1,1
2017-12-16,,18,Away,L 1–4,Tottenham,Manchester City,1,FW,77,0,0,0,0,1,0,0,0,,,,,,0,,,,L,1,4,0,0,,25,13,1,1,0.0,0.0,0.0,1,0,14,17,82.4,34,18,62,1,1
2017-12-23,,19,Away,W 3–0,Tottenham,Burnley,1,LW,78,0,0,0,0,3,1,0,0,,,,,,0,,,,W,3,0,0,3,,43,13,1,1,0.5,0.5,0.2,2,0,24,32,75.0,82,29,175,2,2
2017-12-26,,20,Home,W 5–2,Tottenham,Southampton,1,LW,76,1,2,0,0,1,1,0,0,,,,,,0,,,,W,5,2,1,3,,41,17,3,0,0.4,0.4,0.9,4,3,23,31,74.2,113,34,167,2,2
2018-01-02,,22,Away,W 2–0,Tottenham,Swansea City,1,LW,90,0,0,0,0,2,0,0,0,,,,,,1,,,,W,2,0,0,3,,63,19,0,0,0.1,0.1,0.0,2,1,40,48,83.3,160,56,195,2,5
2018-01-04,,21,Home,D 1–1,Tottenham,West Ham,1,LWRW,90,1,0,0,0,3,2,0,0,,,,,,1,,,,D,1,1,1,1,,77,14,1,1,0.2,0.2,0.0,4,0,50,62,80.6,159,77,332,9,12
2018-01-13,,23,Home,W 4–0,Tottenham,Everton,1,LW,90,1,1,0,0,7,2,0,0,,,,,,0,,,,W,4,0,1,3,,46,16,1,0,1.4,1.4,0.2,6,2,27,33,81.8,109,40,265,3,4
2018-01-21,,24,Away,D 1–1,Tottenham,Southampton,1,LW,70,0,0,0,0,0,0,0,0,,,,,,0,,,,D,1,1,0,1,,30,12,1,2,0.0,0.0,0.0,0,0,22,24,91.7,52,19,25,0,2
2018-01-31,,25,Home,W 2–0,Tottenham,Manchester Utd,1,LW,80,0,0,0,0,3,1,0,0,,,,,,0,,,,W,2,0,1,3,,49,10,0,5,0.3,0.3,0.1,6,0,28,35,80.0,122,39,109,0,1
2018-02-04,,26,Away,D 2–2,Tottenham,Liverpool,1,FW,90,0,0,0,0,2,1,0,0,,,,,,0,,,,D,2,2,0,1,,35,8,0,0,0.2,0.2,0.0,1,1,20,29,69.0,32,24,98,0,0
2018-02-10,,27,Home,W 1–0,Tottenham,Arsenal,1,LW,70,0,0,0,0,2,1,0,0,,,,,,0,,,,W,1,0,1,3,,52,4,0,1,0.1,0.1,0.0,3,0,28,42,66.7,48,44,270,6,10
2018-02-25,,28,Away,W 1–0,Tottenham,Crystal Palace,0,CM,10,0,0,0,0,0,0,0,0,,,,,,0,,,,W,1,0,0,3,,10,0,0,0,0.0,0.0,0.0,0,0,5,6,83.3,20,8,85,0,0
2018-03-03,,29,Home,W 2–0,Tottenham,Huddersfield,1,LW,70,2,0,0,0,4,2,0,0,,,,,,0,,,,W,2,0,1,3,,40,11,2,0,0.9,0.9,0.3,4,1,23,26,88.5,87,35,167,4,4
2018-03-11,,30,Away,W 4–1,Tottenham,Bournemouth,1,LW,90,2,0,0,0,5,4,0,0,,,,,,1,,,,W,4,1,0,3,,43,7,0,2,1.2,1.2,0.0,3,3,24,32,75.0,92,34,208,1,1
2018-04-01,,32,Away,W 3–1,Tottenham,Chelsea,1,FWRW,74,0,0,0,0,3,3,0,0,,,,,,0,,,,W,3,1,0,3,,38,13,0,0,0.2,0.2,0.0,3,1,24,29,82.8,88,29,68,0,1
2018-04-07,,33,Away,W 2–1,Tottenham,Stoke City,1,LM,67,0,0,0,0,2,1,0,0,,,,,,0,,,,W,2,1,0,3,,33,8,0,0,0.4,0.4,0.0,1,0,20,24,83.3,35,33,137,2,4
2018-04-14,,34,Home,L 1–3,Tottenham,Manchester City,0,FWAM,26,0,0,0,0,1,0,0,0,,,,,,0,,,,L,1,3,1,0,,18,7,0,1,0.0,0.0,0.0,0,0,12,14,85.7,23,13,41,0,0
2018-04-17,,35,Away,D 1–1,Tottenham,Brighton,1,LW,90,0,1,0,0,3,2,0,0,,,,,,2,,,,D,1,1,0,1,,43,9,0,1,0.2,0.2,0.5,4,2,20,26,76.9,17,34,172,2,4
2018-04-30,,36,Home,W 2–0,Tottenham,Watford,1,LW,74,0,0,0,0,0,0,0,0,,,,,,1,,,,W,2,0,1,3,,39,29,1,0,0.0,0.0,0.1,3,1,17,26,65.4,46,34,123,2,4
2018-05-05,,37,Away,L 0–1,Tottenham,West Brom,0,AMLW,23,0,0,0,0,1,1,0,0,,,,,,0,,,,L,0,1,0,0,,14,1,0,0,0.0,0.0,0.0,2,0,8,9,88.9,19,11,30,0,1
2018-05-09,,31,Home,W 1–0,Tottenham,Newcastle Utd,1,LM,77,0,1,0,0,0,0,0,0,,,,,,0,,,,W,1,0,1,3,,43,9,0,0,0.0,0.0,0.2,2,1,25,34,73.5,62,40,66,0,0
2018-05-13,,38,Home,W 5–4,Tottenham,Leicester City,0,FW,6,0,0,0,0,0,0,0,0,,,,,,0,,,,W,5,4,1,3,,4,3,0,0,0.0,0.0,0.0,0,0,3,3,100.0,4,1,0,0,0
2018-08-11,,1,Away,W 2–1,Tottenham,Newcastle Utd,0,FW,11,0,0,0,0,0,0,0,0,,,,,,0,,,,W,2,1,0,3,,9,7,3,0,0.0,0.0,0.0,0,0,5,6,83.3,7,6,34,0,0
2018-09-15,,5,Home,L 1–2,Tottenham,Liverpool,0,RWDM,18,0,0,0,0,0,0,0,0,,,,,,0,,,,L,1,2,1,0,,10,1,0,0,0.0,0.0,0.1,2,0,9,9,100.0,56,10,23,1,1
2018-09-22,,6,Away,W 2–1,Tottenham,Brighton,1,LMRM,67,0,0,0,0,3,0,0,0,,,,,,0,,,,W,2,1,0,3,,41,14,2,1,0.2,0.2,0.0,1,0,22,26,84.6,51,34,19,1,3
2018-09-29,,7,Away,W 2–0,Tottenham,Huddersfield,1,LW,89,0,0,0,0,2,1,0,0,,,,,,0,,,,W,2,0,0,3,,49,17,2,3,0.1,0.1,0.3,2,0,22,28,78.6,121,37,139,2,2
2018-10-06,,8,Home,W 1–0,Tottenham,Cardiff City,1,LM,71,0,0,0,0,2,0,0,0,,,,,,0,,,,W,1,0,1,3,,40,11,0,1,0.2,0.2,0.1,3,0,25,32,78.1,80,39,189,2,2
2018-10-20,,9,Away,W 1–0,Tottenham,West Ham,0,On m,On m,On m,On m,On m,On m,On m,On m,On m,On m,,,,,,On m,,,,W,1,0,0,3,,On m,On m,On m,On m,On m,On m,On m,On m,On m,On m,On m,On m,On m,On m,On m,On m,On m
2018-10-29,,10,Home,L 0–1,Tottenham,Manchester City,0,On m,On m,On m,On m,On m,On m,On m,On m,On m,On m,,,,,,On m,,,,L,0,1,1,0,,On m,On m,On m,On m,On m,On m,On m,On m,On m,On m,On m,On m,On m,On m,On m,On m,On m
2018-11-03,,11,Away,W 3–2,Tottenham,Wolves,0,LW,52,0,1,0,0,0,0,0,0,,,,,,1,,,,W,3,2,0,3,,38,11,1,2,0.0,0.0,0.2,4,2,24,30,80.0,55,35,117,2,3
2018-11-10,,12,Away,W 1–0,Tottenham,Crystal Palace,0,LWLM,20,0,0,0,0,1,0,0,0,,,,,,0,,,,W,1,0,0,3,,13,6,1,1,0.2,0.2,0.0,1,0,7,7,100.0,14,9,31,3,3
2018-11-24,,13,Home,W 3–1,Tottenham,Chelsea,1,FWRW,77,1,0,0,0,6,3,0,0,,,,,,1,,,,W,3,1,1,3,,35,26,0,0,0.9,0.9,0.1,7,2,20,25,80.0,80,32,227,3,4
2018-12-02,,14,Away,L 2–4,Tottenham,Arsenal,1,FW,78,0,0,0,0,3,3,0,0,,,,,,0,,,,L,2,4,0,0,,34,23,3,1,0.1,0.1,0.0,3,2,16,19,84.2,62,22,172,2,3
2018-12-05,,15,Home,W 3–1,Tottenham,Southampton,1,RW,90,1,0,0,0,4,2,0,0,,,,,,0,,,,W,3,1,1,3,,44,24,0,0,0.7,0.7,0.1,2,0,25,31,80.6,35,35,203,1,4
2018-12-08,,16,Away,W 2–0,Tottenham,Leicester City,1,LW,73,1,1,0,0,4,1,0,0,,,,,,0,,,,W,2,0,0,3,,45,26,1,1,0.1,0.1,0.4,3,1,26,35,74.3,167,34,58,1,1
2018-12-15,,17,Home,W 1–0,Tottenham,Burnley,0,RWLWDM,16,0,0,0,0,1,0,0,0,,,,,,0,,,,W,1,0,1,3,,7,2,0,0,0.2,0.2,0.0,0,0,2,4,50.0,0,8,20,1,3
2018-12-23,,18,Away,W 6–2,Tottenham,Everton,1,FW,78,2,1,0,0,4,3,0,0,,,,,,0,,,,W,6,2,0,3,,43,32,0,0,1.3,1.3,0.4,6,2,27,33,81.8,108,37,126,1,1
2018-12-26,,19,Home,W 5–0,Tottenham,Bournemouth,1,LWFW,87,2,0,0,0,2,2,1,0,,,,,,2,,,,W,5,0,1,3,,39,21,0,0,0.9,0.9,0.0,3,1,19,28,67.9,24,38,174,2,3
2018-12-29,,20,Home,L 1–3,Tottenham,Wolves,1,FWRWLW,90,0,1,0,0,4,0,0,0,,,,,,0,,,,L,1,3,1,0,,45,20,2,0,0.1,0.1,0.1,4,1,27,31,87.1,93,35,261,0,2
2019-01-01,,21,Away,W 3–0,Tottenham,Cardiff City,1,FW,75,1,1,0,0,3,2,0,0,,,,,,0,,,,W,3,0,0,3,,55,11,0,1,0.6,0.6,0.0,2,1,46,49,93.9,129,46,128,0,0
2019-01-13,,22,Home,L 0–1,Tottenham,Manchester Utd,1,LMFW,90,0,0,0,0,2,1,0,0,,,,,,0,,,,L,0,1,1,0,,41,18,0,1,0.1,0.1,0.3,5,0,31,35,88.6,74,40,211,2,3
2019-01-30,,24,Home,W 2–1,Tottenham,Watford,1,FWRW,90,1,0,0,0,6,2,0,0,,,,,,1,,,,W,2,1,1,3,,53,15,0,2,0.3,0.3,0.0,3,0,21,30,70.0,64,45,159,4,9
2019-02-02,,25,Home,W 1–0,Tottenham,Newcastle Utd,1,LWFW,88,1,0,0,0,5,1,0,0,,,,,,0,,,,W,1,0,1,3,,62,19,1,1,0.1,0.1,0.3,4,1,40,46,87.0,82,61,163,7,12
2019-02-10,,26,Home,W 3–1,Tottenham,Leicester City,1,FW,90,1,0,0,0,4,1,1,0,,,,,,0,,,,W,3,1,1,3,,37,25,0,1,0.5,0.5,0.1,3,0,20,24,83.3,36,34,204,1,3
2019-02-23,,27,Away,L 1–2,Tottenham,Burnley,1,FWLW,87,0,0,0,0,1,0,0,0,,,,,,0,,,,L,1,2,0,0,,37,14,0,0,0.0,0.0,0.1,3,0,23,27,85.2,50,39,167,3,5
2019-02-27,,28,Away,L 0–2,Tottenham,Chelsea,1,LWLM,79,0,0,0,0,1,0,0,0,,,,,,0,,,,L,0,2,0,0,,50,19,1,3,0.0,0.0,0.0,0,0,28,33,84.8,45,44,147,2,3
2019-03-02,,29,Home,D 1–1,Tottenham,Arsenal,1,FW,78,0,0,0,0,1,0,0,0,,,,,,2,,,,D,1,1,1,1,,27,14,0,1,0.0,0.0,0.0,0,0,18,21,85.7,49,21,64,1,1
2019-03-09,,30,Away,L 1–2,Tottenham,Southampton,0,FWAM,19,0,0,0,0,0,0,0,0,,,,,,0,,,,L,1,2,0,0,,13,4,0,0,0.0,0.0,0.0,0,0,12,12,100.0,17,9,2,0,0
2019-03-31,,32,Away,L 1–2,Tottenham,Liverpool,0,FWCB,22,0,0,0,0,0,0,0,0,,,,,,0,,,,L,1,2,0,0,,7,4,0,0,0.0,0.0,0.4,2,0,6,6,100.0,17,5,35,0,0
2019-04-03,,31,Home,W 2–0,Tottenham,Crystal Palace,1,AMLW,89,1,0,0,0,4,3,0,0,,,,,,1,,,,W,2,0,1,3,,45,33,0,1,0.1,0.1,0.2,2,0,28,32,87.5,116,42,189,5,8
2019-04-13,,34,Home,W 4–0,Tottenham,Huddersfield,0,FW,4,0,1,0,0,0,0,0,0,,,,,,0,,,,W,4,0,1,3,,2,4,0,0,0.0,0.0,0.1,1,1,2,2,100.0,27,2,26,0,0
2019-04-20,,35,Away,L 0–1,Tottenham,Manchester City,1,FW,90,0,0,0,0,3,2,0,0,,,,,,1,,,,L,0,1,0,0,,19,24,0,0,0.6,0.6,0.0,4,0,12,13,92.3,17,17,111,4,5
2019-04-23,,33,Home,W 1–0,Tottenham,Brighton,1,RWLWCM,89,0,0,0,0,4,0,0,0,,,,,,0,,,,W,1,0,1,3,,59,13,0,3,0.2,0.2,0.1,7,0,35,42,83.3,77,52,184,2,4
2019-04-27,,36,Home,L 0–1,Tottenham,West Ham,1,FWAM,90,0,0,0,0,4,1,0,0,,,,,,1,,,,L,0,1,1,0,,52,7,1,1,0.3,0.3,0.0,1,0,28,31,90.3,90,43,180,1,5
2019-05-04,,37,Away,L 0–1,Tottenham,Bournemouth,1,LW,42,0,0,0,0,1,0,0,1,,,,,,1,,,,L,0,1,0,0,,37,6,0,2,0.1,0.1,0.0,1,0,20,25,80.0,104,29,135,1,4
2019-08-25,,3,Home,L 0–1,Tottenham,Newcastle Utd,1,LW,90,0,0,0,0,6,2,0,0,,,,,,0,,,,L,0,1,1,0,,74,11,0,1,0.2,0.2,0.0,6,0,53,59,89.8,84,62,173,5,9
2019-09-01,,4,Away,D 2–2,Tottenham,Arsenal,1,LWRW,78,0,0,0,0,2,2,0,0,,,,,,1,,,,D,2,2,0,1,,45,23,1,0,0.2,0.2,0.2,5,1,21,28,75.0,96,34,191,2,4
2019-09-14,,5,Home,W 4–0,Tottenham,Crystal Palace,1,FW,90,2,0,0,0,6,3,0,0,,,,,,0,,,,W,4,0,1,3,,42,22,3,0,0.5,0.5,0.0,4,2,25,30,83.3,72,28,103,0,0
2019-09-21,,6,Away,L 1–2,Tottenham,Leicester City,1,FW,90,0,1,0,0,3,1,0,0,,,,,,0,,,,L,1,2,0,0,,45,17,0,1,0.3,0.3,0.7,5,1,28,31,90.3,93,37,113,3,7
2019-09-28,,7,Home,W 2–1,Tottenham,Southampton,1,FW,63,0,1,0,0,1,1,0,0,,,,,,0,,,,W,2,1,1,3,,34,16,3,1,0.0,0.0,0.3,6,2,14,20,70.0,48,36,186,6,14
2019-10-05,,8,Away,L 0–3,Tottenham,Brighton,1,LWAMRW,72,0,0,0,0,0,0,0,0,,,,,,1,,,,L,0,3,0,0,,29,27,2,0,0.0,0.0,0.0,1,0,15,20,75.0,32,26,83,2,5
2019-10-19,,9,Home,D 1–1,Tottenham,Watford,0,RW,45,0,0,0,0,1,1,0,0,,,,,,0,,,,D,1,1,1,1,,34,7,0,0,0.1,0.1,0.0,1,0,22,25,88.0,74,29,158,1,3
2019-10-27,,10,Away,L 1–2,Tottenham,Liverpool,1,LW,90,0,0,0,0,5,1,0,0,,,,,,1,,,,L,1,2,0,0,,40,28,4,0,0.5,0.5,0.0,3,1,17,21,81.0,67,30,151,2,4
2019-11-03,,11,Away,D 1–1,Tottenham,Everton,1,RWFW,78,0,1,0,0,1,0,0,1,,,,,,0,,,,D,1,1,0,1,,20,14,0,1,0.0,0.0,0.2,1,1,12,13,92.3,37,18,103,2,5
2019-11-09,,12,Home,D 1–1,Tottenham,Sheffield Utd,1,LWAM,90,1,0,0,0,7,3,0,0,,,,,,0,,,,D,1,1,1,1,,48,18,1,1,0.5,0.5,0.2,8,0,27,30,90.0,90,43,114,6,9
2019-11-23,,13,Away,W 3–2,Tottenham,West Ham,1,LW,90,1,1,0,0,3,2,0,0,,,,,,0,,,,W,3,2,0,3,,38,14,2,0,0.2,0.2,0.8,5,2,22,27,81.5,110,30,181,2,3
2019-11-30,,14,Home,W 3–2,Tottenham,Bournemouth,1,LW,87,0,2,0,0,2,0,0,0,,,,,,0,,,,W,3,2,1,3,,39,31,5,2,0.2,0.2,1.7,4,2,25,27,92.6,139,29,157,0,0
2019-12-04,,15,Away,L 1–2,Tottenham,Manchester Utd,1,LW,90,0,0,0,0,1,0,0,0,,,,,,0,,,,L,1,2,0,0,,52,19,0,3,0.1,0.1,0.0,2,0,36,44,81.8,118,41,168,7,8
2019-12-07,,16,Home,W 5–0,Tottenham,Burnley,1,LW,90,1,1,0,0,3,2,0,0,,,,,,1,,,,W,5,0,1,3,,46,14,0,0,0.7,0.7,0.5,8,4,24,31,77.4,157,34,329,5,7
2019-12-15,,17,Away,W 2–1,Tottenham,Wolves,1,LW,89,0,0,0,0,1,1,0,0,,,,,,0,,,,W,2,1,0,3,,35,19,1,0,0.2,0.2,0.0,1,0,21,25,84.0,97,30,96,3,3
2019-12-22,,18,Home,L 0–2,Tottenham,Chelsea,1,LWAM,61,0,0,0,0,1,0,0,1,,,,,,0,,,,L,0,2,1,0,,22,20,0,1,0.1,0.1,0.0,0,0,13,19,68.4,23,14,29,0,0
2020-01-11,,22,Home,L 0–1,Tottenham,Liverpool,1,LM,90,0,0,0,0,4,1,0,0,,,,,,1,,,,L,0,1,1,0,,26,19,2,0,0.4,0.4,0.0,4,0,15,16,93.8,68,20,155,1,3
2020-01-18,,23,Away,D 0–0,Tottenham,Watford,1,LW,90,0,0,0,0,4,2,0,0,,,,,,0,,,,D,0,0,0,1,,43,26,0,0,0.2,0.2,0.3,5,0,30,33,90.9,109,41,170,5,7
2020-01-22,,24,Home,W 2–1,Tottenham,Norwich City,1,LWFW,90,1,0,0,0,5,1,0,0,,,,,,1,,,,W,2,1,1,3,,48,32,0,0,1.0,1.0,0.0,1,1,24,31,77.4,54,33,116,0,2
2020-02-02,,25,Home,W 2–0,Tottenham,Manchester City,1,RWLW,90,1,0,0,0,2,2,0,0,,,,,,2,,,,W,2,0,1,3,,38,16,1,0,0.2,0.2,0.0,0,0,15,24,62.5,71,26,203,0,1
2020-02-16,,26,Away,W 3–2,Tottenham,Aston Villa,1,FW,90,2,0,0,1,6,5,0,0,,,,,,0,,,,W,3,2,0,3,,45,24,0,3,1.8,1.0,0.3,4,1,14,23,60.9,43,24,130,2,4
2020-06-19,,30,Home,D 1–1,Tottenham,Manchester Utd,1,LW,90,0,0,0,0,4,2,0,0,,,,,,2,,,,D,1,1,1,1,,57,23,2,5,0.1,0.1,0.1,1,0,26,36,72.2,156,33,74,1,2
2020-06-23,,31,Home,W 2–0,Tottenham,West Ham,1,LW,85,0,1,0,0,0,0,0,0,,,,,,0,,,,W,2,0,1,3,,55,10,0,3,0.0,0.0,0.6,4,1,40,45,88.9,186,39,164,1,1
2020-07-02,,32,Away,L 1–3,Tottenham,Sheffield Utd,1,LWWB,90,0,1,0,0,0,0,0,0,,,,,,1,,,,L,1,3,0,0,,45,14,0,1,0.0,0.0,0.7,3,1,31,41,75.6,106,31,138,1,1
2020-07-06,,33,Home,W 1–0,Tottenham,Everton,1,LW,77,0,0,0,0,4,2,0,0,,,,,,0,,,,W,1,0,1,3,,41,14,0,0,0.2,0.2,0.1,5,0,25,34,73.5,57,23,78,2,2
2020-07-09,,34,Away,D 0–0,Tottenham,Bournemouth,0,LW,45,0,0,0,0,1,0,0,0,,,,,,0,,,,D,0,0,0,1,,39,4,1,1,0.2,0.2,0.0,1,0,23,33,69.7,111,23,58,0,0
2020-07-12,,35,Home,W 2–1,Tottenham,Arsenal,1,AM,89,1,1,0,0,3,2,0,0,,,,,,0,,,,W,2,1,1,3,,38,27,1,1,0.6,0.6,0.2,4,1,19,29,65.5,80,27,133,2,3
2020-07-15,,36,Away,W 3–1,Tottenham,Newcastle Utd,1,LWAM,90,1,0,0,0,2,2,0,0,,,,,,0,,,,W,3,1,0,3,,45,15,1,0,0.1,0.1,0.0,0,0,32,39,82.1,46,33,78,1,1
2020-07-19,,37,Home,W 3–0,Tottenham,Leicester City,1,LW,88,0,0,0,0,2,1,0,0,,,,,,1,,,,W,3,0,1,3,,28,7,0,1,0.2,0.2,0.0,2,1,12,15,80.0,49,21,131,2,2
2020-07-26,,38,Away,D 1–1,Tottenham,Crystal Palace,1,LW,79,0,0,0,0,1,0,0,0,,,,,,1,,,,D,1,1,0,1,,50,13,3,2,0.0,0.0,0.0,2,0,24,33,72.7,74,41,120,3,6
